ess,liveness,valence,tempo,duration_ms,genre
0.44499395537971204,0.9699518628843408,0.09090909090909091,0.8443868933678639,0.0,0.09856308935788055,5.763166411156843e-05,0.0,0.08720626631853784,0.4381905357515114,0.45130924460709765,0.2834591856172142
0.8406418287723926,0.5683084301050282,0.9090909090909092,0.6746987951807228,0.0,0.05601706331387517,0.08684075585779712,1.0450819672131146e-06,0.3107049608355091,0.48822180529497605,0.37413339862374684,0.24893741702546568
0.7834926915045609,0.8778042423963189,0.36363636363636365,0.8108321135007318,0.0,0.037045352492141886,0.1477720199869931,0.01526639344262295,0.34621409921671015,0.748801334167188,0.3932888327620423,0.18743338408139465
0.8439388943839982,0.6734769100098357,0.6363636363636364,0.6794655256540179,0.0,0.1243825774584643,0.05647633851766624,0.0,0.09556135770234986,0.6351886595789035,0.48347980722146344,0.3011599349145208
0.6845807231563907,0.5312490609957151,0.5454545454545454,0.6836692564651127,0.0,0.3096093399191738,0.4585012241009992,0.0,0.29399477806788504,0.6185115697310819,0.7661013891394551,0.02732397765922022
0.6626002857456863,0.9539261897559891,1.0,0.6739105956536425,0.0,0.03603502469690166,0.0021948817859589144,0.8186475409836065,0.08511749347258485,0.21513445903689804,0.5158501069560063,0.6314251189816653
0.7681063853170678,0.8207127818765663,0.9090909090909092,0.5723829899035393,0.0,0.05568028738212842,0.10424968846613884,0.9293032786885246,0.08929503916449086,0.028455284552845524,0.4192417721192754,0.6243451100825783
0.6076491922189251,0.9429085394802474,0.0,0.832601433772473,1.0,0.1850022451728783,0.0004884015314435586,0.3913934426229508,0.2261096605744125,0.14425682718365646,0.4838148501327285,0.3193041844612054